model,Accuracy_mean,Accuracy_sd
Random Machines,0.938126223404526,0.020953660262014062
Random Forest,0.9281846427375426,0.017384596469406734
