model,RMSE_mean,RMSE_sd
Random Machines,0.015652200908754233,7.019587651653526e-4
Random Forest,0.01622992528577382,7.521961762314073e-4
Neural Network,0.032694231624457774,0.01018667955661303
